AccountNo,AgencyCode,AllocationExpireDate,WorkRequestId,UploadStatus,Remarks
1667,99991,2026-09-23 00:00:00.000000,20260716070034690,Success,
1667,99991,2026-09-23 00:00:00.000000,20260716070034690,Success,
1667,99991,2026-09-23 00:00:00.000000,20260716070034690,Success,
1667,99991,2026-09-23 00:00:00.000000,20260716070034690,Success,
1667,99991,2026-09-23 00:00:00.000000,20260716070034690,Success,
1667,99991,2026-09-23 00:00:00.000000,20260716070034690,Success,
1667,99991,2026-09-23 00:00:00.000000,20260716070034690,Success,
1667,99991,2026-09-23 00:00:00.000000,20260716070034690,Success,
1667,99991,2026-09-23 00:00:00.000000,20260716070034690,Success,
1667,99991,2026-09-23 00:00:00.000000,20260716070034690,Success,
1667,99991,2026-09-23 00:00:00.000000,20260716070034690,Success,
1667,99991,2026-09-23 00:00:00.000000,20260716070034690,Success,
1667,99991,2026-09-23 00:00:00.000000,20260716070034690,Success,
1667,99991,2026-09-23 00:00:00.000000,20260716070034690,Success,
1667,99991,2026-09-23 00:00:00.000000,20260716070034690,Success,
1667,99991,2026-09-23 00:00:00.000000,20260716070034690,Success,
1667,99991,2026-09-23 00:00:00.000000,20260716070034690,Success,
1667,99991,2026-09-23 00:00:00.000000,20260716070034690,Success,
1667,99991,2026-09-23 00:00:00.000000,20260716070034690,Success,
1667,99991,2026-09-23 00:00:00.000000,20260716070034690,Success,
1667,99991,2026-09-23 00:00:00.000000,20260716070034690,Success,
1667,99991,2026-09-23 00:00:00.000000,20260716070034690,Success,
1667,99991,2026-09-23 00:00:00.000000,20260716070034690,Success,
1667,99991,2026-09-23 00:00:00.000000,20260716070034690,Success,
1667,99991,2026-09-23 00:00:00.000000,20260716070034690,Success,
1667,99991,2026-09-23 00:00:00.000000,20260716070034690,Success,
1667,99991,2026-09-23 00:00:00.000000,20260716070034690,Success,
1667,99991,2026-09-23 00:00:00.000000,20260716070034690,Success,
1667,99991,2026-09-23 00:00:00.000000,20260716070034690,Success,
1667,99991,2026-09-23 00:00:00.000000,20260716070034690,Success,
1667,99991,2026-09-23 00:00:00.000000,20260716070034690,Success,
1667,99991,2026-09-23 00:00:00.000000,20260716070034690,Success,
1667,99991,2026-09-23 00:00:00.000000,20260716070034690,Success,
1667,99991,2026-09-23 00:00:00.000000,20260716070034690,Success,
1667,99991,2026-09-23 00:00:00.000000,20260716070034690,Success,
1667,99991,2026-09-23 00:00:00.000000,20260716070034690,Success,
1667,99991,2026-09-23 00:00:00.000000,20260716070034690,Success,
1667,99991,2026-09-23 00:00:00.000000,20260716070034690,Success,
1667,99991,2026-09-23 00:00:00.000000,20260716070034690,Success,
